Date,POLSTR,POLSTR_1M,POLSTR_3M,POLSTR_6M,POLSTR_CI
2021-01-04,-0.003,100.0,,,
2021-01-05,-0.033,99.99999178,,,
2021-01-07,-0.017,99.99981096,,,
2021-01-08,0.005,99.99976438,,,
2021-01-11,-0.057,99.99980548,,,
2021-01-12,-0.004,99.99964932,,,
2021-01-13,-0.011,99.99963836,,,
2021-01-14,0.002,99.99960822,,,
2021-01-15,0.008,99.9996137,,,
2021-01-18,0.004,99.99967945,,,
2021-01-19,-0.026,99.99969041,,,
2021-01-20,0.01,99.99961918,,,
2021-01-21,0.012,99.99964658,,,
2021-01-22,0.01,99.99967945,,,
2021-01-25,0.011,99.99976164,,,
2021-01-26,0.015,99.99979178,,,
2021-01-27,0.02,99.99983288,,,
2021-01-28,0.019,99.99988767,,,
2021-01-29,-0.007,99.99993973,,,
2021-02-01,0.008,-0.00154,99.99988219,,
2021-02-02,0.007,-0.00121,99.99990411,,
2021-02-03,0.011,-0.00093,99.99992329,,
2021-02-04,0.004,-0.00055,99.99995342,,
2021-02-05,0.019,-0.00032,99.99996438,,
2021-02-08,0.007,0.00419,100.00012055,,
2021-02-09,0.013,0.00428,100.00013973,,
2021-02-10,0.01,0.00455,100.00017534,,
2021-02-11,0.01,0.00468,100.00020274,,
2021-02-12,0.01,0.00684,100.00023014,,
2021-02-15,0.014,0.00823,100.00031233,,
2021-02-16,0.013,0.00841,100.00035068,,
2021-02-17,0.012,0.00855,100.0003863,,
2021-02-18,0.014,0.00871,100.00041918,,
2021-02-19,0.01,0.00903,100.00045753,,
2021-02-22,0.007,0.01013,100.00053973,,
2021-02-23,0.01,0.01003,100.0005589,,
2021-02-24,-0.002,0.01003,100.0005863,,
2021-02-25,0.008,0.00965,100.00058082,,
2021-02-26,0.001,0.00955,100.00060274,,
2021-03-01,0.008,0.0095,100.00061096,,
2021-03-02,0.006,0.0095,100.00063288,,
2021-03-03,0.01,0.00946,100.00064932,,
2021-03-04,0.009,0.00943,100.00067671,,
2021-03-05,0.013,0.00961,100.00070137,,
2021-03-08,0.013,0.00896,100.00080822,,
2021-03-09,0.011,0.00918,100.00084384,,
2021-03-10,0.013,0.00911,100.00087398,,
2021-03-11,0.012,0.00921,100.00090959,,
2021-03-12,0.014,0.00929,100.00094247,,
2021-03-15,0.02,0.00971,100.00105754,,
2021-03-16,0.018,0.00993,100.00111233,,
2021-03-17,0.019,0.01011,100.00116165,,
2021-03-18,0.018,0.01036,100.00121371,,
2021-03-19,0.016,0.0105,100.00126302,,
2021-03-22,0.017,0.01114,100.00139453,,
2021-03-23,0.013,0.0115,100.00144111,,
2021-03-24,0.013,0.01161,100.00147672,,
2021-03-25,0.018,0.01214,100.00151234,,
2021-03-26,0.011,0.0125,100.00156165,,
2021-03-29,0.012,0.01235,100.00165207,,
2021-03-30,0.012,0.01234,100.00168494,,
2021-03-31,0.013,0.01233,100.00171782,,
2021-04-01,0.01,0.01345,0.00736,100.00175344,
2021-04-02,0.014,0.01352,0.00739,100.00178084,
2021-04-06,0.012,0.01406,0.00779,100.00193426,
2021-04-07,0.011,0.014,0.00874,100.00196714,
2021-04-08,0.01,0.014,0.00906,100.00199728,
2021-04-09,0.01,0.0139,0.00907,100.00202468,
2021-04-12,0.014,0.01371,0.00997,100.00210687,
2021-04-13,0.01,0.01372,0.01017,100.00214523,
2021-04-14,0.013,0.01361,0.0104,100.00217263,
2021-04-15,0.017,0.01355,0.01052,100.00220824,
2021-04-16,0.017,0.01345,0.01059,100.00225482,
2021-04-19,0.012,0.01332,0.01097,100.00239455,
2021-04-20,0.011,0.01328,0.01139,100.00242743,
2021-04-21,0.01,0.01321,0.0114,100.00245756,
2021-04-22,0.01,0.01284,0.01138,100.00248496,
2021-04-23,0.011,0.01261,0.01136,100.00251236,
2021-04-26,0.013,0.01226,0.0114,100.00260277,
2021-04-27,0.019,0.01228,0.01138,100.00263839,
2021-04-28,0.02,0.01248,0.01137,100.00269045,
2021-04-29,0.02,0.01287,0.01138,100.00274524,
2021-04-30,-0.007,0.01313,0.01147,100.00280004,
2021-05-04,0.01,0.01075,0.01136,100.00272332,
2021-05-05,0.01,0.01073,0.01143,100.00275072,
2021-05-06,0.007,0.01027,0.01141,100.00277812,
2021-05-07,0.014,0.0101,0.01136,100.0027973,
2021-05-10,0.014,0.01045,0.01122,100.00291237,
2021-05-11,0.01,0.01056,0.01127,100.00295073,
2021-05-12,0.009,0.0106,0.01127,100.00297812,
2021-05-13,0.009,0.01043,0.01124,100.00300278,
2021-05-14,0.01,0.0104,0.01122,100.00302744,
2021-05-17,0.011,0.01006,0.01117,100.00310964,
2021-05-18,0.013,0.01009,0.01116,100.00313977,
2021-05-19,0.01,0.0095,0.01115,100.00317539,
2021-05-20,0.008,0.00943,0.01113,100.00320279,
2021-05-21,0.011,0.00933,0.0111,100.00322471,
2021-05-24,0.007,0.00945,0.01119,100.00331512,
2021-05-25,0.006,0.00938,0.01129,100.0033343,
2021-05-26,0.012,0.0091,0.01127,100.00335074,
2021-05-27,0.014,0.00907,0.01128,100.00338362,
2021-05-28,0.0,0.0089,0.01131,100.00342197,
2021-05-31,0.004,0.00732,0.01095,100.00342197,
2021-06-01,0.01,0.00925,0.0112,100.00343293,
2021-06-02,-0.017,0.00928,0.01122,100.00346033,
2021-06-04,0.008,0.00758,0.01067,100.00336718,
2021-06-07,0.007,0.00748,0.01061,100.00343293,
2021-06-08,0.01,0.00747,0.01049,100.00345211,
2021-06-09,0.01,0.00755,0.01046,100.00347951,
2021-06-10,0.012,0.007,0.01045,100.00350691,
2021-06-11,0.011,0.00694,0.01043,100.00353979,
2021-06-14,0.01,0.0071,0.01044,100.0036302,
2021-06-15,0.016,0.00719,0.01032,100.0036576,
2021-06-16,0.014,0.00745,0.01027,100.00370144,
2021-06-17,0.015,0.00742,0.01023,100.00373979,
2021-06-18,0.013,0.00755,0.01018,100.00378089,
2021-06-21,0.015,0.00781,0.01019,100.00388774,
2021-06-22,0.016,0.00803,0.01005,100.00392884,
2021-06-23,0.015,0.00827,0.01004,100.00397268,
2021-06-24,0.011,0.00823,0.01007,100.00401378,
2021-06-25,0.001,0.00835,0.01004,100.00404392,
2021-06-28,0.012,0.00742,0.00967,100.00405213,
2021-06-29,0.008,0.00756,0.00965,100.00408501,
2021-06-30,0.02,0.00758,0.00961,100.00410693,
2021-07-01,0.011,0.00887,0.00966,0.00853,100.00416173
2021-07-02,0.023,0.0089,0.00967,0.00855,100.00419187
2021-07-05,0.013,0.01194,0.0101,0.00885,100.00438092
2021-07-06,0.015,0.01197,0.00996,0.00887,100.00441653
2021-07-07,0.019,0.01247,0.00999,0.00937,100.00445763
2021-07-08,0.011,0.01287,0.01008,0.00957,100.00450969
2021-07-09,0.014,0.0129,0.01009,0.00958,100.00453983
2021-07-12,0.013,0.01313,0.01022,0.01009,100.0046549
2021-07-13,0.011,0.01313,0.01021,0.01019,100.00469052
2021-07-14,0.01,0.01327,0.01022,0.01031,100.00472066
2021-07-15,0.016,0.01327,0.01019,0.01035,100.00474806
2021-07-16,0.018,0.01327,0.01018,0.01038,100.00479189
2021-07-19,0.017,0.01365,0.01021,0.01059,100.00493985
2021-07-20,0.01,0.01375,0.01026,0.01082,100.00498642
2021-07-21,0.013,0.0137,0.01025,0.01082,100.00501382
2021-07-22,0.014,0.01363,0.01029,0.01083,100.00504944
2021-07-23,0.013,0.01357,0.01033,0.01085,100.0050878
2021-07-26,0.019,0.01355,0.0104,0.0109,100.00519465
2021-07-27,0.02,0.01372,0.01046,0.01092,100.00524671
2021-07-28,0.018,0.0152,0.01047,0.01092,100.00530151
2021-07-29,0.018,0.0154,0.01045,0.01091,100.00535083
2021-07-30,0.016,0.01573,0.01043,0.01095,100.00540014
2021-08-02,0.0,0.01577,0.01139,0.01135,100.00553166
2021-08-03,0.007,0.01528,0.01126,0.01131,100.00553166
2021-08-04,0.004,0.01503,0.01122,0.01129,100.00555084
2021-08-05,0.007,0.0139,0.01115,0.01129,100.0055618
2021-08-06,0.01,0.01371,0.01112,0.01126,100.00558098
2021-08-09,0.009,0.01323,0.01113,0.01114,100.00566317
2021-08-10,0.013,0.01309,0.01101,0.01112,100.00568783
2021-08-11,0.011,0.01309,0.011,0.01113,100.00572345
2021-08-12,0.011,0.01294,0.01101,0.01114,100.00575359
2021-08-13,0.016,0.01287,0.01103,0.01114,100.00578373
2021-08-16,0.022,0.01323,0.01121,0.01122,100.00591524
2021-08-17,0.017,0.0135,0.01137,0.01127,100.00597552
2021-08-18,0.016,0.01361,0.01143,0.0113,100.0060221
2021-08-19,0.013,0.01326,0.01147,0.01131,100.00606593
2021-08-20,0.013,0.01313,0.0115,0.01132,100.00610155
2021-08-23,0.016,0.01319,0.01159,0.01139,100.00620841
2021-08-24,0.015,0.01328,0.01165,0.01143,100.00625225
2021-08-25,0.018,0.01333,0.01174,0.01152,100.00629335
2021-08-26,0.018,0.01352,0.01187,0.01157,100.00634266
2021-08-27,0.015,0.01348,0.01193,0.01161,100.00639198
2021-08-30,0.017,0.01313,0.01201,0.01167,100.00651528
2021-08-31,0.02,0.01325,0.01246,0.01169,100.00656186
2021-09-01,0.015,0.0132,0.01263,0.01191,100.00661665
2021-09-02,0.013,0.01326,0.01268,0.01195,100.00665775
2021-09-03,0.009,0.01368,0.01269,0.01199,100.00669337
2021-09-06,0.009,0.01397,0.0132,0.01197,100.00676735
2021-09-07,0.009,0.01381,0.01333,0.01195,100.00679201
2021-09-08,0.01,0.01367,0.01335,0.01192,100.00681667
2021-09-09,0.01,0.0139,0.01335,0.0119,100.00684407
2021-09-10,0.012,0.01394,0.01335,0.0119,100.00687147
2021-09-13,0.009,0.01397,0.01332,0.01189,100.0069701
2021-09-14,0.012,0.01381,0.01335,0.01188,100.00699476
2021-09-15,0.019,0.01376,0.01337,0.01184,100.00702764
2021-09-16,0.018,0.01371,0.0134,0.01184,100.0070797
2021-09-17,0.016,0.01358,0.01345,0.01184,100.00712902
2021-09-20,0.019,0.01365,0.01351,0.01183,100.00726053
2021-09-21,0.018,0.01381,0.01359,0.01187,100.00731259
2021-09-22,0.014,0.01394,0.01362,0.01184,100.00736191
2021-09-23,0.016,0.01403,0.0136,0.01182,100.00740027
2021-09-24,0.005,0.01403,0.01361,0.01184,100.00744411
2021-09-27,0.015,0.01287,0.01336,0.01169,100.00748521
2021-09-28,0.018,0.01294,0.01378,0.0117,100.00752631
2021-09-29,0.019,0.01309,0.01385,0.01175,100.00757563
2021-09-30,0.025,0.0131,0.01397,0.01179,100.00762768
2021-10-01,0.021,0.01313,0.01402,0.01185,100.00769618
2021-10-04,0.015,0.01384,0.01428,0.01201,100.0078688
2021-10-05,0.011,0.01388,0.014,0.01203,100.0079099
2021-10-06,0.009,0.01427,0.01398,0.01198,100.00794004
2021-10-07,0.059,0.01427,0.01391,0.01196,100.0079647
2021-10-08,0.106,0.01593,0.01435,0.01222,100.00812635
2021-10-11,0.068,0.02503,0.01731,0.01376,100.00899766
2021-10-12,0.112,0.02638,0.01797,0.01412,100.00918398
2021-10-13,0.072,0.03067,0.01904,0.01465,100.00949085
2021-10-14,0.08,0.03277,0.01971,0.01499,100.00968813
2021-10-15,0.175,0.03503,0.02047,0.01536,100.00990733
2021-10-18,0.182,0.04965,0.02545,0.01794,100.01134583
2021-10-19,0.152,0.05378,0.02739,0.01885,100.01184452
2021-10-20,0.147,0.06083,0.02886,0.01961,100.012261
2021-10-21,0.151,0.0651,0.03035,0.02036,100.01266379
2021-10-22,0.111,0.06954,0.03185,0.02113,100.01307754
2021-10-25,0.104,0.07707,0.03457,0.02264,100.01398999
2021-10-26,0.1,0.07791,0.03602,0.02328,100.01427496
2021-10-27,0.105,0.08594,0.0369,0.02376,100.01454898
2021-10-28,0.109,0.08894,0.03783,0.02423,100.01483669
2021-10-29,0.096,0.09197,0.03882,0.02471,100.01513536
2021-11-02,0.125,0.09685,0.04227,0.027,100.01618758
2021-11-03,0.154,0.0977,0.04363,0.02754,100.0165301
2021-11-04,0.816,0.10694,0.04523,0.02822,100.01695209
2021-11-05,0.826,0.13278,0.05406,0.03261,100.01918808
2021-11-08,0.886,0.21018,0.0792,0.04573,100.02597843
2021-11-09,0.798,0.2313,0.09023,0.05025,100.02840645
2021-11-10,0.794,0.24848,0.0988,0.05491,100.03059338
2021-11-12,0.808,0.30329,0.11581,0.06341,100.03494539
2021-11-15,0.848,0.37299,0.13902,0.07608,100.04158881
2021-11-16,0.837,0.38784,0.15074,0.08023,100.04391306
2021-11-17,0.804,0.40146,0.15961,0.08549,100.04620722
2021-11-18,0.838,0.43636,0.16816,0.0898,100.04841098
2021-11-19,0.835,0.45753,0.1771,0.09429,100.05070798
2021-11-22,0.857,0.52385,0.19986,0.10723,100.05757447
2021-11-23,0.87,0.53427,0.2131,0.11126,100.05992377
2021-11-24,0.88,0.54446,0.22238,0.11702,100.06230876
2021-11-25,0.849,0.59724,0.23179,0.12177,100.06472122
2021-11-26,0.867,0.62128,0.24083,0.12635,100.06704875
2021-11-29,0.767,0.69509,0.2632,0.1396,100.07417956
2021-11-30,1.0,0.69735,0.27678,0.14297,100.07628249
2021-12-01,1.316,0.79075,0.29041,0.15076,100.0790243
2021-12-02,1.231,0.80828,0.30471,0.15791,100.08263263
2021-12-03,1.041,0.84518,0.31811,0.16374,100.08600802
2021-12-06,0.811,0.88741,0.35216,0.17994,100.09457155
2021-12-07,0.806,0.88504,0.36098,0.18621,100.09679556
2021-12-08,0.783,0.88827,0.36974,0.19058,100.09900592
2021-12-09,1.265,0.88483,0.37825,0.19481,100.10115325
2021-12-10,1.324,0.90041,0.39205,0.20167,100.10462251
2021-12-13,1.276,0.94832,0.43535,0.22092,100.11551609
2021-12-14,1.262,0.9586,0.44928,0.23013,100.11901602
2021-12-15,1.26,0.98374,0.46304,0.23698,100.12247766
2021-12-16,1.269,0.99748,0.47669,0.24379,100.12593395
2021-12-17,1.287,1.01189,0.49045,0.25065,100.12941504
2021-12-20,1.278,1.05089,0.53241,0.26876,100.14000681
2021-12-21,1.309,1.05802,0.54626,0.27848,100.14351308
2021-12-22,1.298,1.08866,0.56046,0.28556,100.14710453
2021-12-23,1.31,1.10337,0.57459,0.29257,100.15066593
2021-12-24,1.31,1.11805,0.58883,0.29966,100.15426037
2021-12-27,1.239,1.15304,0.63192,0.31764,100.16504411
2021-12-28,1.291,1.15577,0.64539,0.32787,100.16844423
2021-12-29,1.317,1.18911,0.6594,0.33487,100.17198717
2021-12-30,1.342,1.20746,0.67369,0.34204,100.1756016
2021-12-31,0.992,1.21184,0.68098,0.34749,100.17928477
2022-01-03,1.31,1.1934,0.69794,0.36155,100.18745281
2022-01-04,1.187,1.19709,0.72669,0.36667,100.19104858
2022-01-05,1.817,1.19682,0.73945,0.37674,100.19430685
2022-01-07,1.851,1.26435,0.77881,0.39637,100.20428236
2022-01-10,1.796,1.3515,0.8208,0.42414,100.21952713
2022-01-11,1.719,1.36545,0.85474,0.43154,100.22445848
2022-01-12,1.679,1.37623,0.87272,0.44537,100.22917864
2022-01-13,1.726,1.39096,0.88979,0.45444,100.23378919
2022-01-14,1.75,1.4055,0.90781,0.46378,100.23852901
2022-01-17,1.706,1.45261,0.94362,0.48958,100.25294688
2022-01-18,1.777,1.46059,0.97701,0.49614,100.25763268
2022-01-19,1.798,1.47025,0.99439,0.51092,100.26251371
2022-01-20,1.741,1.49847,1.01232,0.52063,100.26745267
2022-01-21,1.785,1.51343,1.02969,0.53006,100.27223529
2022-01-24,1.753,1.55987,1.06329,0.55607,100.28694646
2022-01-25,1.84,1.56597,1.10188,0.56253,100.29176298
2022-01-26,1.973,1.57435,1.1208,0.57846,100.29681879
2022-01-27,1.92,1.61271,1.14122,0.58911,100.30224031
2022-01-28,1.68,1.63471,1.161,0.59947,100.30751648
2022-01-31,1.817,1.66991,1.18891,0.62336,100.32136717
2022-02-01,1.803,1.74506,1.2439,0.63987,100.32636125
2022-02-02,1.985,1.74707,1.25004,0.64622,100.33131709
2022-02-03,2.048,1.75484,1.27032,0.65705,100.33677347
2022-02-04,1.916,1.77868,1.29097,0.66818,100.34240332
2022-02-07,1.78,1.80862,1.31614,0.69568,100.35820519
2022-02-08,1.747,1.80781,1.33714,0.70154,100.36309937
2022-02-09,2.079,1.80605,1.34653,0.71853,100.36790305
2022-02-10,2.171,1.81034,1.3605,0.72982,100.3736199
2022-02-11,2.208,1.82246,1.3693,0.7416,100.37959007
2022-02-14,2.086,1.87091,1.40849,0.77341,100.3978069
2022-02-15,2.158,1.87773,1.43542,0.78051,100.4035447
2022-02-16,2.269,1.88633,1.44971,0.8005,100.40948089
2022-02-17,2.353,1.91172,1.46534,0.81277,100.41572278
2022-02-18,2.179,1.93262,1.48223,0.82551,100.42219616
2022-02-21,2.283,1.97206,1.51155,0.85638,100.44018136
2022-02-22,2.27,1.9819,1.54199,0.8641,100.44646369
2022-02-23,2.125,1.99075,1.55741,0.88567,100.45271063
2022-02-24,2.342,2.01482,1.5711,0.89718,100.45855891
2022-02-25,2.443,2.03385,1.58705,0.90989,100.46500477
2022-02-28,2.174,2.0854,1.6225,0.94457,100.48517759
2022-03-01,2.533,2.14132,1.67013,0.97706,100.49116265
2022-03-02,2.592,2.16743,1.68371,0.99104,100.49813646
2022-03-03,2.573,2.18914,1.69889,1.00536,100.50527321
2022-03-04,2.389,2.20792,1.70862,1.01404,100.51235814
2022-03-07,2.408,2.25868,1.76367,1.05924,100.53209436
2022-03-08,2.449,2.28115,1.78155,1.07256,100.53872673
2022-03-09,3.119,2.30626,1.80014,1.08611,100.54547246
2022-03-10,3.084,2.34347,1.82083,1.10338,100.55406428
2022-03-11,3.175,2.37613,1.83486,1.11435,100.56256041
2022-03-14,3.099,2.47991,1.90298,1.17318,100.5888031
2022-03-15,3.151,2.51615,1.92349,1.19033,100.59734351
2022-03-16,3.185,2.55168,1.9446,1.20774,100.60602795
2022-03-17,3.135,2.58446,1.96599,1.22534,100.61480686
2022-03-18,3.247,2.61244,1.979,1.23594,100.62344871
2022-03-21,3.212,2.72708,2.05237,1.29654,100.65030276
2022-03-22,3.236,2.76032,2.07362,1.3143,100.65915999
2022-03-23,3.192,2.7949,2.09526,1.33222,100.66808418
2022-03-24,3.203,2.83308,2.11628,1.34988,100.67688781
2022-03-25,3.005,2.8639,2.12841,1.36018,100.68572256
2022-03-28,3.031,2.92423,2.19501,1.41767,100.71059055
2022-03-29,3.043,2.92815,2.21444,1.43444,100.71895367
2022-03-30,3.35,2.93221,2.23373,1.45126,100.72735059
2022-03-31,3.263,2.94595,2.25616,1.46183,100.73659543
2022-04-01,3.395,2.98116,2.31072,1.47975,100.74560101
2022-04-04,3.434,3.06156,2.35852,1.53578,100.77371317
2022-04-05,3.477,3.07348,2.38363,1.55471,100.78319418
2022-04-06,3.724,3.08599,2.39587,1.5739,100.79279482
2022-04-07,4.339,3.17373,2.4235,1.59447,100.80307844
2022-04-08,4.327,3.23619,2.44483,1.61817,100.81506158
2022-04-11,4.276,3.37616,2.53494,1.68831,100.85091584
2022-04-12,4.162,3.40466,2.56353,1.71163,100.86273059
2022-04-13,4.141,3.42799,2.59129,1.73407,100.87423171
2022-04-14,4.194,3.47498,2.6183,1.75662,100.8856761
2022-04-15,4.192,3.5104,2.63591,1.77942,100.89726827
2022-04-19,4.11,3.62933,2.75503,1.86845,100.9436202
2022-04-20,4.295,3.64429,2.7809,1.8904,100.95498673
2022-04-21,4.198,3.7032,2.80947,1.91341,100.96686623
2022-04-22,4.101,3.7351,2.82504,1.93585,100.9784788
2022-04-25,4.105,3.82152,2.91455,2.00226,101.01251546
2022-04-26,4.117,3.83079,2.93989,2.02446,101.02387591
2022-04-27,4.367,3.83989,2.96389,2.04675,101.03527085
2022-04-28,4.269,3.9372,2.99127,2.07041,101.0473591
2022-04-29,4.031,3.97727,3.00566,2.0935,101.05917749
2022-05-02,4.419,4.0561,3.11205,2.17044,101.09265992
2022-05-04,4.491,4.14626,3.16644,2.21823,101.11713819
2022-05-05,4.464,4.18161,3.18154,2.23876,101.12957975
2022-05-06,4.867,4.21462,3.19602,2.25126,101.14194804
2022-05-09,4.837,4.29023,3.32814,2.32647,101.18240759
2022-05-10,4.859,4.30787,3.35938,2.34904,101.19581634
2022-05-11,4.842,4.3234,3.38983,2.36314,101.20928786
2022-05-12,4.819,4.34234,3.40641,2.39439,101.22271403
2022-05-13,4.868,4.36431,3.42237,2.40802,101.2360782
2022-05-16,4.855,4.42642,3.54159,2.48468,101.27658373
2022-05-17,4.85,4.44038,3.5709,2.50715,101.2900549
2022-05-18,4.903,4.45337,3.5992,2.52978,101.30351399
2022-05-19,4.865,4.50179,3.61416,2.55252,101.31712197
2022-05-20,4.901,4.52705,3.62838,2.56557,101.33062629
2022-05-23,4.871,4.58202,3.75086,2.6432,101.37144449
2022-05-24,4.924,4.59164,3.78199,2.66559,101.38497272
2022-05-25,5.077,4.65088,3.81127,2.68823,101.39864996
2022-05-26,5.138,4.6834,3.82586,2.7119,101.4127541
2022-05-27,4.864,4.71756,3.84081,2.72561,101.42702968
2022-05-30,4.936,4.75819,3.92137,2.80351,101.46757826
2022-05-31,5.221,4.76437,3.93293,2.81561,101.48130002
2022-06-01,5.367,4.85205,3.96637,2.83912,101.49581601
2022-06-02,5.125,4.86935,3.99748,2.8617,101.51074007
2022-06-03,5.25,4.878,4.02529,2.8834,101.52499329
2022-06-06,5.122,4.96912,4.08124,2.95377,101.56880202
2022-06-07,5.036,4.97457,4.1475,2.9778,101.58305504
2022-06-08,5.086,4.9771,4.17637,3.00139,101.59707072
2022-06-09,5.611,4.99001,4.20533,3.02539,101.61122751
2022-06-10,5.621,5.01508,4.2327,3.04962,101.6268478
2022-06-13,5.614,5.09089,4.29078,3.12152,101.6737994
2022-06-14,5.626,5.10799,4.34109,3.14573,101.68943767
2022-06-15,5.823,5.12445,4.36885,3.17008,101.70511177
2022-06-17,5.54,5.20194,4.42719,3.22096,101.73756267
2022-06-20,5.42,5.26671,4.47804,3.29219,101.7838881
2022-06-21,5.613,5.27226,4.5279,3.31532,101.79900231
2022-06-22,5.613,5.28337,4.55429,3.33936,101.81465705
2022-06-23,5.575,5.32973,4.58042,3.36346,101.83031419
2022-06-24,5.644,5.35254,4.60662,3.38728,101.84586772
2022-06-27,5.699,5.41055,4.65634,3.45992,101.89311304
2022-06-28,5.621,5.42038,4.7211,3.48485,101.90902233
2022-06-29,6.067,5.42727,4.74958,3.50905,101.92471632
2022-06-30,6.282,5.50117,4.78285,3.53561,101.94165816
2022-07-01,6.241,5.55479,4.83172,3.60603,101.9592033
2022-07-04,6.226,5.64223,4.92665,3.66408,102.01150418
2022-07-05,6.256,5.6614,4.9577,3.69243,102.02890482
2022-07-06,6.3,5.72093,4.98862,3.70714,102.0463923
2022-07-07,6.527,5.76038,5.01727,3.74263,102.06400579
2022-07-08,6.406,5.81031,5.04161,3.75859,102.08225707
2022-07-11,6.118,5.89895,5.11099,3.84614,102.13600547
2022-07-12,6.156,5.90676,5.13149,3.87091,102.15312515
2022-07-13,6.201,5.94196,5.15368,3.89612,102.17035404
2022-07-14,6.332,5.96162,5.1766,3.92132,102.1877118
2022-07-15,6.243,5.98526,5.2004,3.93524,102.20543927
2022-07-18,6.171,6.02172,5.23626,4.02329,102.25788326
2022-07-19,6.156,6.02738,5.29091,4.04805,102.27517185
2022-07-20,6.16,6.07872,5.31369,4.07261,102.29242133
2022-07-21,6.151,6.1035,5.33445,4.09751,102.30968493
2022-07-22,6.3,6.12152,5.3562,4.10948,102.32692621
2022-07-25,6.576,6.17398,5.42964,4.19866,102.37991193
2022-07-26,6.371,6.18762,5.45715,4.22537,102.39835715
2022-07-27,6.372,6.24635,5.48226,4.25017,102.41623057
2022-07-28,6.346,6.26889,5.50459,4.27529,102.43410992
2022-07-29,6.638,6.29318,5.52772,4.2874,102.45191942
2022-08-01,6.785,6.33535,5.61482,4.38476,102.50781607
2022-08-02,6.692,6.35054,5.62858,4.41288,102.52687129
2022-08-03,6.597,6.36202,5.64103,4.43945,102.54566881
2022-08-04,6.557,6.37926,5.67764,4.46514,102.56420289
2022-08-05,6.341,6.39,5.70042,4.47743,102.58262792
2022-08-08,6.278,6.38794,5.73622,4.56708,102.63609173
2022-08-09,6.263,6.38557,5.76916,4.59267,102.65374514
2022-08-10,6.329,6.38292,5.78488,4.61632,102.6713594
2022-08-11,6.301,6.37677,5.80109,4.63981,102.68916233
2022-08-12,6.396,6.3827,5.81718,4.64974,102.70688958
2022-08-16,6.466,6.39967,5.88507,4.75858,102.77888007
2022-08-17,6.561,6.40278,5.90284,4.78232,102.79708742
2022-08-18,6.564,6.42127,5.92171,4.80612,102.81556555
2022-08-19,6.366,6.43402,5.94003,4.81663,102.83405545
2022-08-22,6.262,6.45437,5.96731,4.90138,102.88786161
2022-08-23,6.195,6.44943,6.00391,4.92397,102.90551322
2022-08-24,6.138,6.44279,6.01852,4.947,102.92297896
2022-08-25,6.105,6.44459,6.03191,4.96849,102.94028694
2022-08-26,6.149,6.42931,6.04325,4.97556,102.95750476
2022-08-29,6.166,6.40839,6.0584,5.03815,103.0095392
2022-08-30,6.584,6.40187,6.09712,5.04516,103.02694076
2022-08-31,6.52,6.40851,6.11531,5.05443,103.04552513
2022-09-01,6.657,6.38763,6.12964,5.07865,103.06393216
2022-09-02,6.649,6.38348,6.14388,5.10163,103.08272933
2022-09-05,6.564,6.38664,6.17326,5.156,103.13906334
2022-09-06,6.579,6.39329,6.20607,5.16449,103.15761141
2022-09-07,6.599,6.40004,6.22215,5.21735,103.17620522
2022-09-08,6.559,6.41006,6.2394,5.24072,103.19485891
2022-09-09,6.531,6.41917,6.25566,5.26365,103.21340289
2022-09-12,6.414,6.44176,6.27363,5.30948,103.26880728
2022-09-13,6.35,6.44199,6.29466,5.31635,103.28695429
2022-09-14,6.518,6.44029,6.30278,5.35642,103.30492339
2022-09-15,6.586,6.44369,6.31263,5.3755,103.32337111
2022-09-16,6.659,6.45118,6.3167,5.39467,103.3420146
2022-09-19,6.722,6.46358,6.33952,5.44133,103.39857525
2022-09-20,6.637,6.47281,6.36805,5.44921,103.41761758
2022-09-21,6.518,6.47893,6.38148,5.4911,103.43642259
2022-09-22,6.54,6.48895,6.39148,5.50957,103.45489378
2022-09-23,6.417,6.49797,6.40171,5.52802,103.47343063
2022-09-26,6.46,6.52423,6.41332,5.56955,103.52800507
2022-09-27,6.376,6.52334,6.43709,5.57532,103.54632811
2022-09-28,6.436,6.51998,6.44457,5.62118,103.56441609
2022-09-29,6.447,6.55108,6.45357,5.64021,103.58267748
2022-09-30,6.144,6.5602,6.45776,5.65923,103.6009733
2022-10-03,6.794,6.51699,6.4517,5.69434,103.65329037
2022-10-04,6.714,6.52683,6.46021,5.73751,103.67258408
2022-10-05,6.687,6.51857,6.4656,5.75595,103.69165416
2022-10-06,6.595,6.52269,6.47036,5.77399,103.71065104
2022-10-07,6.46,6.52322,6.47362,5.79013,103.72938999
2022-10-10,6.554,6.51447,6.47482,5.81119,103.78446603
2022-10-11,6.587,6.51684,6.4757,5.83856,103.80310174
2022-10-12,6.568,6.51552,6.48088,5.85155,103.82183465
2022-10-13,6.577,6.52068,6.48543,5.86509,103.84051689
2022-10-14,6.579,6.52829,6.48959,5.87879,103.8592281
2022-10-17,6.602,6.5327,6.49642,5.90172,103.91538891
2022-10-18,6.45,6.53601,6.5037,5.90654,103.93418478
2022-10-19,6.412,6.5185,6.50678,5.94532,103.95255123
2022-10-20,6.339,6.50812,6.50961,5.95827,103.97081271
2022-10-21,6.349,6.49813,6.51158,5.96977,103.98886944
2022-10-24,6.311,6.48263,6.51246,5.98789,104.04313454
2022-10-25,6.304,6.47836,6.51498,6.01961,104.06112403
2022-10-26,6.289,6.47646,6.51197,6.03199,104.07909667
2022-10-27,6.318,6.47073,6.51107,6.04421,104.09702964
2022-10-28,6.733,6.46879,6.51047,6.0552,104.1150484
2022-10-31,6.505,6.49725,6.52171,6.07845,104.17266539
2022-11-02,6.741,6.53219,6.51227,6.11662,104.20979652
2022-11-03,6.782,6.54009,6.51281,6.12112,104.2290425
2022-11-04,6.773,6.5397,6.51485,6.14286,104.24840911
2022-11-07,6.816,6.55005,6.52502,6.17297,104.30644263
2022-11-08,6.805,6.55955,6.53202,6.17757,104.32592079
2022-11-09,6.875,6.56817,6.53784,6.20104,104.34537114
2022-11-10,6.586,6.58636,6.54461,6.21246,104.36502523
2022-11-14,6.564,6.58801,6.5536,6.24475,104.44035105
2022-11-15,6.407,6.58841,6.55487,6.24759,104.45913314
2022-11-16,6.391,6.58403,6.55676,6.26955,104.4774693
2022-11-17,6.35,6.57596,6.55593,6.27816,104.49576287
2022-11-18,6.31,6.56779,6.5536,6.28657,104.51394227
2022-11-21,6.342,6.55889,6.54787,6.30366,104.56814635
2022-11-22,6.317,6.55322,6.5493,6.30496,104.58631543
2022-11-23,6.315,6.54716,6.5499,6.32647,104.60441602
2022-11-24,6.3,6.55663,6.55123,6.33456,104.62251402
2022-11-25,6.326,6.55628,6.55302,6.34228,104.64057215
2022-11-28,6.318,6.55834,6.55278,6.35686,104.69497952
2022-11-29,6.683,6.55193,6.56124,6.35775,104.71310179
2022-11-30,6.62,6.55707,6.56695,6.3825,104.73227433
2022-12-01,6.634,6.53978,6.56669,6.39742,104.7512696
2022-12-02,6.626,6.54407,6.56644,6.40457,104.77030851
2022-12-05,6.533,6.53896,6.56567,6.41763,104.8273667
2022-12-06,6.602,6.5399,6.56532,6.43578,104.84612937
2022-12-07,6.632,6.5163,6.56558,6.44413,104.86509359
2022-12-08,6.569,6.51013,6.56595,6.45313,104.88414743
2022-12-09,6.393,6.50223,6.56606,6.4615,104.90302371
2022-12-12,6.396,6.48232,6.56144,6.46735,104.95814522
2022-12-13,6.377,6.48081,6.56123,6.47898,104.97653733
2022-12-14,6.431,6.4599,6.56154,6.48329,104.99487803
2022-12-15,6.427,6.45545,6.56056,6.48783,105.01337726
2022-12-16,6.34,6.45612,6.55879,6.48863,105.03186825
2022-12-19,6.309,6.45137,6.54811,6.49471,105.08659992
2022-12-20,6.367,6.448,6.54349,6.50752,105.10476407
2022-12-21,6.322,6.45695,6.54048,6.51286,105.12309837
2022-12-22,6.326,6.45628,6.53829,6.51686,105.14130627
2022-12-23,6.339,6.45658,6.5359,6.52088,105.15952884
2022-12-27,6.296,6.45314,6.5319,6.53694,105.23258158
2022-12-28,6.317,6.45845,6.53101,6.54031,105.25073348
2022-12-29,6.231,6.45842,6.52968,6.54423,105.26894907
2022-12-30,5.347,6.44327,6.52727,6.54516,105.28691978
2023-01-02,6.268,6.32573,6.50058,6.52887,105.33319121
2023-01-03,6.368,6.32498,6.49915,6.52859,105.35127966
2023-01-04,6.461,6.32735,6.49445,6.5302,105.36965985
2023-01-05,6.394,6.30053,6.49166,6.53152,105.38831173
2023-01-09,6.309,6.27567,6.4864,6.53243,105.46215862
2023-01-10,6.367,6.27776,6.48304,6.53235,105.48038768
2023-01-11,6.384,6.28152,6.48097,6.53123,105.4987875
2023-01-12,6.367,6.27192,6.47873,6.53272,105.51723968
2023-01-13,6.396,6.27098,6.47651,6.53391,105.53564593
2023-01-16,6.332,6.26934,6.47504,6.53573,105.59112587
2023-01-17,6.345,6.27235,6.46774,6.53576,105.60944376
2023-01-18,6.434,6.27561,6.4649,6.53729,105.62780245
2023-01-19,6.365,6.2724,6.46473,6.53877,105.64642188
2023-01-20,6.354,6.27422,6.46421,6.53994,105.66484488
2023-01-23,6.384,6.27563,6.4642,6.54226,105.72002798
2023-01-24,6.371,6.28008,6.46487,6.54255,105.73851885
2023-01-25,6.552,6.2839,6.46553,6.54334,105.75697529
2023-01-26,6.455,6.29288,6.46827,6.54321,105.77595939
2023-01-27,6.376,6.28901,6.4701,6.54368,105.7946658
2023-01-30,6.704,6.29811,6.47092,6.54408,105.850108
2023-01-31,6.604,6.31192,6.46254,6.54613,105.86954962
2023-02-01,6.581,6.41654,6.46204,6.54258,105.88870476
2023-02-02,6.524,6.42297,6.46449,6.54143,105.90779664
2023-02-03,6.519,6.43127,6.46209,6.54049,105.92672657
2023-02-06,6.5,6.44158,6.46269,6.54087,105.98348298
2023-02-07,6.481,6.44446,6.45057,6.54181,106.00235675
2023-02-08,6.531,6.44665,6.44687,6.54252,106.0211787
2023-02-09,6.585,6.45291,6.44384,6.54394,106.04014923
2023-02-10,6.616,6.46186,6.44064,6.54574,106.05928003
2023-02-13,6.457,6.48541,6.44957,6.55064,106.11695304
2023-02-14,6.468,6.48564,6.44024,6.55129,106.13572556
2023-02-15,6.553,6.48622,6.43918,6.552,106.15453339
2023-02-16,6.516,6.49493,6.4408,6.552,106.17359177
2023-02-17,6.434,6.50089,6.44218,6.55228,106.19254594
2023-02-20,6.431,6.50591,6.44511,6.55134,106.24870288
2023-02-21,6.462,6.50468,6.44718,6.55184,106.26742303
2023-02-22,6.408,6.5045,6.4485,6.55213,106.28623673
2023-02-23,6.337,6.51377,6.44951,6.55295,106.30489652
2023-02-24,6.313,6.51224,6.44975,6.55374,106.3233528
2023-02-27,6.736,6.4979,6.44914,6.55569,106.37852151
2023-02-28,6.683,6.5065,6.45414,6.55786,106.39815344
2023-03-01,6.57,6.51153,6.45151,6.56194,106.41763451
2023-03-02,6.454,6.51114,6.45078,6.56144,106.43678968
2023-03-03,6.415,6.50863,6.45195,6.562,106.45561004
2023-03-06,6.542,6.49743,6.44275,6.55681,106.51173985
2023-03-07,6.543,6.49894,6.44207,6.5566,106.53083026
2023-03-08,6.563,6.50117,6.44107,6.55628,106.54992701
2023-03-09,6.641,6.50231,6.441,6.5563,106.56908556
2023-03-10,6.416,6.50432,6.44436,6.55796,106.58847529
2023-03-13,6.566,6.4828,6.44455,6.55563,106.64468392
2023-03-14,6.371,6.48671,6.44668,6.55686,106.66386828
2023-03-15,6.653,6.48323,6.446,6.55603,106.68248624
2023-03-16,6.518,6.48682,6.44855,6.55641,106.70193168
2023-03-17,6.512,6.48689,6.45045,6.55736,106.72098601
2023-03-20,6.617,6.49528,6.45673,6.55273,106.77810659
2023-03-21,6.381,6.50196,6.45955,6.55262,106.79746415
2023-03-22,6.332,6.49905,6.46022,6.55183,106.81613468
2023-03-23,6.401,6.49633,6.46029,6.55065,106.83466509
2023-03-24,6.331,6.49862,6.46076,6.55097,106.85340067
2023-03-27,6.333,6.50056,6.46075,6.54884,106.90900249
2023-03-28,6.399,6.4861,6.46117,6.5486,106.92755194
2023-03-29,6.551,6.48419,6.4621,6.54838,106.94629795
2023-03-30,6.814,6.48754,6.46571,6.54898,106.96549261
2023-03-31,6.956,6.49925,6.47073,6.55165,106.98546146
2023-04-03,6.494,6.53677,6.52634,6.56546,107.04662783
2023-04-04,6.468,6.53656,6.52776,6.56376,107.06567333
2023-04-05,6.662,6.53561,6.52784,6.56237,107.08464596
2023-04-06,6.727,6.54917,6.53049,6.56222,107.10419111
2023-04-07,6.393,6.55517,6.53382,6.56297,107.12393055
2023-04-11,6.444,6.53316,6.53584,6.5609,107.19898187
2023-04-12,6.601,6.53157,6.53652,6.56009,107.21790763
2023-04-13,6.512,6.5428,6.53916,6.56028,107.23729792
2023-04-14,6.501,6.54105,6.54001,6.55991,107.25643023
2023-04-17,6.5,6.53967,6.54475,6.55858,107.31374042
2023-04-18,6.438,6.53956,6.5465,6.558,107.33285109
2023-04-19,6.513,6.5376,6.54654,6.55793,107.35178284
2023-04-20,6.593,6.53703,6.54821,6.55851,107.37093852
2023-04-21,6.63,6.53625,6.54987,6.55995,107.39033294
2023-04-24,6.468,6.5613,6.55991,6.56473,107.44885332
2023-04-25,6.653,6.55951,6.56101,6.56562,107.46789385
2023-04-26,6.456,6.56351,6.56215,6.5676,107.48748245
2023-04-27,6.417,6.58035,6.56216,6.56855,107.50649448
2023-04-28,6.604,6.58307,6.56171,6.56911,107.525395
2023-05-02,6.527,6.54416,6.56525,6.56664,107.60321393
2023-05-04,6.668,6.54579,6.56601,6.56396,107.64169756
2023-05-05,6.685,6.55249,6.56832,6.56572,107.66136207
2023-05-08,6.775,6.55719,6.5734,6.56161,107.72051683
2023-05-09,6.786,6.56518,6.57618,6.56144,107.74051153
2023-05-10,6.836,6.57305,6.57848,6.56093,107.76054241
2023-05-11,6.839,6.60255,6.58256,6.56366,107.78072463
2023-05-12,6.707,6.61579,6.5866,6.56639,107.80091949
2023-05-15,6.708,6.62955,6.59015,6.56601,107.86034585
2023-05-16,6.764,6.63318,6.59192,6.56773,107.88016852
2023-05-17,6.713,6.64852,6.59475,6.56986,107.90016034
2023-05-18,6.735,6.65566,6.59727,6.57193,107.9200051
2023-05-19,6.712,6.66561,6.59999,6.57403,107.93991856
2023-05-22,6.677,6.67849,6.61061,6.58105,107.9994659
2023-05-23,6.755,6.67962,6.61368,6.5831,108.01922241
2023-05-24,6.66,6.68477,6.61845,6.58561,108.03921336
2023-05-25,6.455,6.69121,6.6201,6.58766,108.05892682
2023-05-26,6.342,6.68457,6.61945,6.58809,108.07803697
2023-05-29,6.302,6.66841,6.61791,6.58872,108.13437375
2023-05-30,6.708,6.65807,6.61557,6.58654,108.15304397
2023-05-31,6.652,6.66077,6.61778,6.58841,108.17292042
2023-06-01,6.728,6.66456,6.61744,6.5886,108.19263457
2023-06-02,6.696,6.6678,6.61918,6.58913,108.21257758
2023-06-05,6.664,6.67959,6.62579,6.59032,108.27213304
2023-06-06,6.701,6.68028,6.63081,6.59106,108.29190086
2023-06-07,6.728,6.6821,6.63257,6.59163,108.31178207
2023-06-09,6.717,6.67938,6.63642,6.59307,108.35171202
2023-06-12,6.673,6.6692,6.64132,6.59858,108.41153108
2023-06-13,6.644,6.6705,6.64675,6.60015,108.43135108
2023-06-14,6.697,6.67087,6.64761,6.60167,108.45108856
2023-06-15,6.712,6.66585,6.65122,6.60318,108.4709871
2023-06-16,6.611,6.66598,6.65187,6.60479,108.49093388
2023-06-19,6.53,6.65357,6.65434,6.6094,108.54988458
2023-06-20,6.566,6.65086,6.65528,6.61066,108.5693046
2023-06-21,6.568,6.64945,6.65472,6.61179,108.58883518
2023-06-22,6.518,6.63838,6.65678,6.61318,108.60837522
2023-06-23,6.353,6.63322,6.65884,6.61427,108.62777
2023-06-26,6.354,6.60681,6.65406,6.61343,108.68449155
2023-06-27,6.331,6.60003,6.65905,6.61462,108.70341158
2023-06-28,6.364,6.59298,6.65903,6.61481,108.72226641
2023-06-29,6.826,6.60767,6.65864,6.61508,108.74122281
2023-06-30,6.695,6.62466,6.66168,6.61846,108.76155891
2023-07-03,6.707,6.62444,6.65002,6.64232,108.82140756
2023-07-04,6.621,6.6282,6.6524,6.64426,108.84140387
2023-07-05,6.768,6.61882,6.65411,6.64517,108.8611474
2023-07-06,6.825,6.62231,6.65529,6.64707,108.88133294
2023-07-07,6.852,6.62646,6.65639,6.64928,108.90169226
2023-07-10,6.802,6.6429,6.66626,6.6581,108.96302331
2023-07-11,6.91,6.64907,6.67637,6.66059,108.98332924
2023-07-12,6.911,6.64865,6.68157,6.66359,109.00396142
2023-07-13,6.871,6.65662,6.68504,6.66669,109.0246005
2023-07-14,6.857,6.66423,6.68905,6.66906,109.04512401
2023-07-17,6.899,6.68143,6.70097,6.67766,109.10658065
2023-07-18,6.859,6.68945,6.70543,6.68082,109.12720329
2023-07-19,6.822,6.70065,6.71013,6.68324,109.14771023
2023-07-20,6.867,6.71043,6.71358,6.68585,109.16811039
2023-07-21,6.646,6.72052,6.71664,6.6881,109.18864895
2023-07-24,6.658,6.72586,6.71718,6.69361,109.24829287
2023-07-25,6.828,6.72493,6.7193,6.69525,109.26822096
2023-07-26,6.824,6.76337,6.72126,6.69682,109.2886616
2023-07-27,6.761,6.77912,6.72537,6.69893,109.30909409
2023-07-28,6.874,6.79353,6.72921,6.7005,109.32934173
2023-07-31,6.932,6.81534,6.73751,6.70778,109.39111131
2023-08-01,6.697,6.82944,6.74196,6.70965,109.41188663
2023-08-02,6.725,6.82624,6.7427,6.71031,109.43196146
2023-08-03,6.692,6.82419,6.74373,6.71146,109.45212392
2023-08-04,6.76,6.8237,6.74672,6.71257,109.47219115
2023-08-07,6.808,6.82572,6.75042,6.71668,109.53301569
2023-08-08,6.773,6.8264,6.75075,6.71854,109.55344585
2023-08-09,6.709,6.82601,6.75073,6.71993,109.57377477
2023-08-10,6.81,6.81722,6.74988,6.72063,109.59391533
2023-08-11,6.657,6.81748,6.74959,6.72237,109.61436285
2023-08-14,6.793,6.79397,6.74804,6.72335,109.67433843
2023-08-16,6.691,6.79629,6.74835,6.72657,109.71516132
2023-08-17,6.724,6.78452,6.74755,6.72757,109.73527376
2023-08-18,6.774,6.77884,6.74767,6.72878,109.7554891
2023-08-21,6.984,6.77139,6.75107,6.73506,109.81659735
2023-08-22,7.124,6.77929,6.75247,6.73804,109.83760993
2023-08-23,6.948,6.79102,6.75742,6.74213,109.85904782
2023-08-24,6.806,6.80777,6.75955,6.74562,109.87996017
2023-08-25,6.567,6.81257,6.76116,6.7472,109.90044902
2023-08-28,6.741,6.78936,6.7606,6.75036,109.95976816
2023-08-29,6.652,6.78906,6.77178,6.75155,109.98007608
2023-08-30,6.885,6.78611,6.77565,6.75223,110.00011957
2023-08-31,6.944,6.77833,6.77761,6.75422,110.02086891
2023-09-01,6.742,6.77872,6.78083,6.75569,110.0418
2023-09-04,6.768,6.78223,6.78258,6.7594,110.10277823
2023-09-05,6.794,6.783,6.7828,6.7607,110.123194
2023-09-06,6.808,6.78456,6.78424,6.76422,110.143692
2023-09-07,6.162,6.78527,6.78542,6.76571,110.16423606
2023-09-08,5.731,6.76432,6.77985,6.76357,110.1828342
2023-09-11,5.939,6.66371,6.74815,6.7493,110.23473484
2023-09-12,5.743,6.64211,6.73777,6.74603,110.25267139
2023-09-13,5.737,6.61588,6.7275,6.74348,110.27001882
2023-09-14,5.654,6.58105,6.71747,6.73882,110.28735085
2023-09-15,5.602,6.55307,6.70594,6.73479,110.30443481
2023-09-18,5.661,6.43374,6.67244,6.71869,110.35522321
2023-09-19,5.771,6.41056,6.66089,6.71404,110.37233885
2023-09-20,5.678,6.39216,6.6525,6.70969,110.38978977
2023-09-21,5.637,6.32971,6.64269,6.70442,110.40696219
2023-09-22,5.59,6.28603,6.6324,6.70024,110.42401326
2023-09-25,5.601,6.15275,6.60216,6.68656,110.4747478
2023-09-26,5.639,6.13643,6.59699,6.68175,110.49170038
2023-09-27,5.511,6.12227,6.58909,6.67937,110.50877059
2023-09-28,5.616,6.05723,6.58003,6.67475,110.5254559
2023-09-29,5.697,6.02076,6.57177,6.67035,110.54246168
2023-10-02,5.747,5.91078,6.53432,6.64634,110.59422281
2023-10-03,5.553,5.90657,6.52678,6.64247,110.6116361
2023-10-04,5.531,5.80898,6.51404,6.63715,110.62846422
2023-10-05,5.46,5.76756,6.502,6.63186,110.64522822
2023-10-06,5.497,5.72289,6.48755,6.62508,110.66177953
2023-10-09,5.572,5.65231,6.45401,6.60798,110.71177743
2023-10-10,5.839,5.65064,6.42883,6.60341,110.72867842
2023-10-11,5.752,5.64719,6.41819,6.60028,110.74639197
2023-10-12,5.732,5.64093,6.4054,6.59638,110.76384439
2023-10-13,5.772,5.64056,6.39238,6.59147,110.78123887
2023-10-16,5.874,5.65053,6.36926,6.58053,110.8337947
2023-10-17,5.724,5.65839,6.34545,6.57553,110.85163135
2023-10-18,5.517,5.66456,6.33247,6.57115,110.86901532
2023-10-19,5.583,5.65974,6.31766,6.56595,110.88577324
2023-10-20,5.518,5.65344,6.30398,6.56071,110.90273421
2023-10-23,5.583,5.64078,6.27452,6.54538,110.9530324
2023-10-24,5.503,5.63981,6.25246,6.53619,110.97000365
2023-10-25,5.484,5.63855,6.23971,6.53074,110.98673428
2023-10-26,5.36,5.63463,6.22487,6.52415,111.00340966
2023-10-27,5.348,5.62529,6.20871,6.51796,111.01971043
2023-10-30,5.855,5.6031,6.17689,6.50123,111.06851044
2023-10-31,5.181,5.61184,6.1482,6.49879,111.08632704
2023-11-02,5.545,5.57484,6.11214,6.47936,111.11786339
2023-11-03,5.523,5.56829,6.09912,6.47528,111.13474417
2023-11-06,5.583,5.56902,6.07602,6.45768,111.18519325
2023-11-07,5.506,5.57028,6.04595,6.45396,111.20220002
2023-11-08,5.501,5.56915,6.03158,6.44248,111.2189748
2023-11-09,5.555,5.57231,6.01755,6.43534,111.23573687
2023-11-10,5.513,5.57176,6.00482,6.42843,111.25266603
2023-11-13,5.462,5.54627,5.9821,6.40965,111.3030772
2023-11-14,5.543,5.54444,5.9521,6.40551,111.31973302
2023-11-15,5.565,5.54521,5.94859,6.39337,111.33663837
2023-11-16,5.548,5.52218,5.92478,6.38695,111.3536134
2023-11-17,5.567,5.51162,5.91217,6.38013,111.37053915
2023-11-20,5.572,5.50755,5.89408,6.36378,111.42149803
2023-11-21,5.603,5.51038,5.85954,6.36049,111.43850737
2023-11-22,5.542,5.51401,5.84431,6.34813,111.45561394
2023-11-23,5.548,5.51291,5.82687,6.34176,111.47253687
2023-11-24,5.301,5.51178,5.81143,6.335,111.4894807
2023-11-27,5.451,5.49732,5.78596,6.31629,111.53805651
2023-11-28,5.333,5.49667,5.75463,6.31258,111.55471388
2023-11-29,5.552,5.49249,5.7391,6.30442,111.57101309
2023-11-30,5.548,5.50686,5.72698,6.30022,111.58798411
2023-12-01,5.525,5.51713,5.69762,6.29061,111.60494549
2023-12-04,5.578,5.5185,5.65695,6.2775,111.65562636
2023-12-05,5.509,5.52117,5.64369,6.26434,111.67268979
2023-12-06,5.511,5.51897,5.62937,6.25783,111.68954472
2023-12-07,5.587,5.51656,5.61492,6.25112,111.70640831
2023-12-08,5.559,5.51927,5.60852,6.24847,111.72350704
2023-12-11,5.675,5.52329,5.60277,6.23264,111.77455397
2023-12-12,5.634,5.52886,5.59983,6.2192,111.79193262
2023-12-13,5.664,5.53236,5.59861,6.21335,111.80918839
2023-12-14,5.566,5.53912,5.5978,6.20783,111.82653873
2023-12-15,5.448,5.53989,5.59682,6.20145,111.84359151
2023-12-18,5.402,5.53062,5.59167,6.18809,111.89367292
2023-12-19,5.478,5.52739,5.58879,6.17443,111.91023319
2023-12-20,5.355,5.52014,5.58553,6.1685,111.92702892
2023-12-21,5.329,5.51288,5.58193,6.16168,111.94344999
2023-12-22,5.309,5.5037,5.5785,6.1547,111.95979374
2023-12-27,5.466,5.48852,5.56212,6.12435,112.04121765
2023-12-28,5.27,5.48903,5.56162,6.11947,112.0579962
2023-12-29,5.346,5.48692,5.55776,6.11331,112.07417554
2024-01-02,5.336,5.46669,5.54464,6.08219,112.13983565
2024-01-03,5.341,5.4635,5.54011,6.07902,112.15622957
2024-01-04,5.327,5.45197,5.53777,6.07137,112.17264126
2024-01-05,5.308,5.44384,5.53553,6.06412,112.18901232
2024-01-08,5.305,5.42163,5.5306,6.04431,112.23795746
2024-01-09,5.347,5.41875,5.52757,6.04121,112.2542704
2024-01-10,5.376,5.41735,5.52509,6.02172,112.27071488
2024-01-11,5.391,5.40069,5.51999,6.01374,112.28725098
2024-01-12,5.322,5.39149,5.51601,6.00524,112.30383565
2024-01-15,5.343,5.36231,5.50902,5.98493,112.35296012
2024-01-16,5.296,5.36247,5.49686,5.98235,112.36940674
2024-01-17,5.329,5.36121,5.49049,5.96187,112.38571108
2024-01-18,5.374,5.35021,5.48613,5.95309,112.4021194
2024-01-19,5.338,5.3493,5.48456,5.94478,112.41866868
2024-01-22,5.482,5.34443,5.48035,5.92557,112.46799122
2024-01-23,5.573,5.34951,5.4775,5.92407,112.48488299
2024-01-24,5.659,5.35707,5.47739,5.90808,112.50205773
2024-01-25,5.537,5.36676,5.47911,5.90249,112.51950018
2024-01-26,5.367,5.37241,5.47969,5.89527,112.53656923
2024-01-29,5.371,5.37931,5.47893,5.87739,112.58621173
2024-01-30,5.728,5.37981,5.48044,5.87553,112.60277887
2024-01-31,5.902,5.39118,5.47904,5.85607,112.62044979
2024-02-01,5.629,5.41202,5.48958,5.85031,112.63866037
2024-02-02,5.648,5.41983,5.49193,5.84434,112.65603141
2024-02-05,5.542,5.4502,5.49801,5.83236,112.7083285
2024-02-06,5.495,5.45387,5.49603,5.83168,112.72544164
2024-02-07,5.628,5.45592,5.49506,5.81237,112.74241222
2024-02-08,5.511,5.47429,5.4964,5.80577,112.75979617
2024-02-09,5.521,5.48096,5.49651,5.79871,112.77682136
2024-02-12,5.512,5.49543,5.49828,5.78429,112.82799732
2024-02-13,5.489,5.49675,5.4963,5.7837,112.84503589
2024-02-14,5.458,5.49732,5.4966,5.76558,112.86200593
2024-02-15,5.533,5.51148,5.49566,5.76478,112.87888266
2024-02-16,5.49,5.51764,5.49531,5.75108,112.89599387
2024-02-19,5.457,5.53282,5.49617,5.73697,112.94693625
2024-02-20,5.638,5.53125,5.49176,5.73632,112.96382259
2024-02-21,5.499,5.53532,5.49249,5.71658,112.98127163
2024-02-22,5.419,5.55169,5.49134,5.70828,112.99829311
2024-02-23,5.494,5.54965,5.48999,5.69874,113.01506949
2024-02-26,5.447,5.54027,5.49109,5.6831,113.06610276
2024-02-27,5.464,5.53816,5.49525,5.68267,113.08297594
2024-02-28,5.761,5.53671,5.4954,5.66487,113.09990431
2024-02-29,5.76,5.55885,5.50011,5.65939,113.1177555
2024-03-01,5.545,5.55286,5.50107,5.63841,113.13560641
2024-03-04,5.484,5.55115,5.50174,5.61814,113.18716835
2024-03-05,5.61,5.53714,5.50069,5.61089,113.20417433
2024-03-06,5.565,5.5395,5.50181,5.6042,113.22157366
2024-03-07,5.504,5.54192,5.50242,5.59718,113.23883607
2024-03-08,5.452,5.53763,5.50149,5.59347,113.25591187
2024-03-11,5.517,5.53168,5.49792,5.58874,113.30666293
2024-03-12,5.612,5.53067,5.49616,5.58636,113.32378931
2024-03-13,5.552,5.53413,5.49591,5.58562,113.34121323
2024-03-14,5.587,5.53631,5.49466,5.58457,113.35845352
2024-03-15,5.579,5.54078,5.4949,5.5842,113.37580512
2024-03-18,5.488,5.54626,5.49927,5.58381,113.42779337
2024-03-19,5.436,5.54846,5.50023,5.58283,113.44484793
2024-03-20,5.476,5.54774,5.49976,5.58094,113.46174345
2024-03-21,5.472,5.54213,5.50111,5.5798,113.47876582
2024-03-22,5.35,5.54119,5.50271,5.57887,113.4957783
2024-03-25,5.306,5.52809,5.50017,5.5748,113.54568535
2024-03-26,5.302,5.52232,5.49892,5.57314,113.56219147
2024-03-27,5.303,5.5173,5.50402,5.57123,113.57868755
2024-03-28,5.334,5.51173,5.50221,5.57006,113.59518913
2024-03-29,5.0,5.49694,5.50292,5.56847,113.61178959
2024-04-02,5.522,5.42847,5.48751,5.55437,113.67404262
2024-04-03,5.636,5.43211,5.48958,5.5531,113.69124011
2024-04-04,5.606,5.42618,5.49287,5.55357,113.70879528
2024-04-05,5.637,5.43013,5.49598,5.55399,113.7262597
2024-04-08,5.569,5.43756,5.50697,5.55756,113.77895079
2024-04-09,5.611,5.44247,5.50991,5.55696,113.79631066
2024-04-10,5.524,5.44839,5.51285,5.55718,113.81380411
2024-04-11,5.519,5.44892,5.5145,5.55541,113.83102897
2024-04-12,5.558,5.44898,5.51592,5.5541,113.84824085
2024-04-15,5.558,5.44641,5.52381,5.55484,113.90024922
2024-04-16,5.714,5.4507,5.5262,5.54952,113.91759326
2024-04-17,5.789,5.4595,5.53086,5.54862,113.93542683
2024-04-18,5.773,5.45699,5.53598,5.54899,113.9534973
2024-04-19,5.584,5.46622,5.54043,5.55043,113.97152068
2024-04-22,5.494,5.47806,5.54864,5.55247,114.02382893
2024-04-23,5.573,5.47936,5.54878,5.55104,114.04099186
2024-04-24,5.519,5.48301,5.54878,5.55098,114.0584042
2024-04-25,5.581,5.49551,5.54722,5.55107,114.07565045
2024-04-26,5.397,5.50442,5.54771,5.55162,114.09309309
2024-04-29,5.795,5.51251,5.54871,5.55177,114.14370353
2024-04-30,5.755,5.52218,5.55343,5.55488,114.1618258
2024-05-02,5.672,5.60611,5.55038,5.55883,114.19782587
2024-05-06,5.521,5.61708,5.55262,5.56205,114.26880999
2024-05-07,5.641,5.6149,5.55291,5.5617,114.28609432
2024-05-08,5.51,5.61188,5.55306,5.56246,114.303757
2024-05-09,5.552,5.60991,5.55305,5.56251,114.32101217
2024-05-10,5.571,5.60793,5.55387,5.5625,114.3384015
2024-05-13,5.617,5.6107,5.55519,5.56348,114.39075595
2024-05-14,5.655,5.61173,5.55663,5.56435,114.40835959
2024-05-15,5.797,5.61691,5.55885,5.56499,114.42608505
2024-05-16,5.665,5.62491,5.56182,5.5663,114.44425842
2024-05-17,5.581,5.62327,5.56381,5.56696,114.4620208
2024-05-20,5.576,5.60969,5.56724,5.56719,114.51452594
2024-05-21,5.564,5.60947,5.56654,5.56722,114.53201999
2024-05-22,5.469,5.60884,5.56727,5.567,114.54947907
2024-05-23,5.418,5.608,5.56783,5.56658,114.56664266
2024-05-24,5.336,5.60281,5.567,5.56585,114.58364874
2024-05-27,5.562,5.58105,5.56217,5.56644,114.63390231
2024-05-28,5.514,5.58128,5.56327,5.56707,114.65137063
2024-05-29,5.784,5.59588,5.56049,5.56809,114.66869084
2024-05-31,5.756,5.60242,5.56708,5.57145,114.70503296
2024-06-03,5.398,5.60808,5.57275,5.57633,114.75929944
2024-06-04,5.508,5.60252,5.57006,5.57449,114.77627124
2024-06-05,5.681,5.60056,5.57032,5.5741,114.79359145
2024-06-06,5.635,5.59142,5.57111,5.57507,114.81145836
2024-06-07,5.625,5.59511,5.57188,5.57576,114.82918337
2024-06-10,5.587,5.6006,5.57598,5.5782,114.8822722
2024-06-11,5.671,5.60101,5.57851,5.57688,114.89985706
2024-06-12,5.647,5.60397,5.58021,5.57685,114.91770903
2024-06-13,5.605,5.60691,5.58059,5.57693,114.93548822
2024-06-14,5.507,5.60652,5.58118,5.57659,114.9531379
2024-06-17,5.428,5.58712,5.58037,5.57717,115.00516916
2024-06-18,5.392,5.58296,5.57705,5.57681,115.02227184
2024-06-19,5.461,5.57797,5.57599,5.57676,115.03926363
2024-06-20,5.493,5.57223,5.57626,5.57666,115.05647539
2024-06-21,5.447,5.56954,5.57645,5.57744,115.0737906
2024-06-24,5.46,5.5659,5.57504,5.57832,115.12530898
2024-06-25,5.635,5.5634,5.57952,5.57851,115.14253047
2024-06-26,5.637,5.5664,5.58315,5.57967,115.16030658
2024-06-27,5.498,5.58944,5.58684,5.5842,115.17809175
2024-06-28,5.455,5.58736,5.58899,5.58438,115.19544104
2024-07-01,5.598,5.5409,5.61217,5.58767,115.24708963
2024-07-02,5.568,5.54369,5.61286,5.58858,115.26476506
2024-07-03,5.555,5.54531,5.61338,5.58989,115.28234846
2024-07-04,5.592,5.55057,5.61247,5.5911,115.29989349
2024-07-05,5.655,5.55338,5.61232,5.5926,115.31755806
2024-07-08,5.611,5.55721,5.61292,5.59848,115.37115703
2024-07-09,5.673,5.55972,5.61339,5.6002,115.38889258
2024-07-10,5.582,5.55532,5.61408,5.60204,115.40682686
2024-07-11,5.554,5.55516,5.61473,5.60321,115.4244762
2024-07-12,5.543,5.55124,5.61512,5.60413,115.44203969
2024-07-15,5.655,5.54633,5.61461,5.60787,115.49463382
2024-07-16,5.659,5.55056,5.61569,5.60963,115.51252758
2024-07-17,5.603,5.55693,5.61508,5.61168,115.53043677
2024-07-18,5.637,5.56279,5.61301,5.61323,115.54817148
2024-07-19,5.513,5.57099,5.61149,5.61472,115.56601655
2024-07-22,5.542,5.57219,5.60912,5.61768,115.6183822
2024-07-23,5.615,5.57206,5.60966,5.61802,115.63593719
2024-07-24,5.638,5.58442,5.61012,5.61826,115.65372612
2024-07-25,5.656,5.59037,5.61145,5.61814,115.67159066
2024-07-26,5.411,5.59108,5.61229,5.61881,115.689515
2024-07-29,5.406,5.57585,5.61275,5.61955,115.74096672
2024-07-30,5.492,5.57134,5.60842,5.61975,115.75810907
2024-07-31,4.79,5.56975,5.60799,5.61842,115.7755267
2024-08-01,5.574,5.55399,5.59475,5.61214,115.79072026
2024-08-02,5.653,5.55321,5.59537,5.61183,115.80840293
2024-08-05,5.66,5.56103,5.59971,5.61191,115.862211
2024-08-06,5.675,5.56496,5.59464,5.61258,115.88017758
2024-08-07,5.666,5.56914,5.59633,5.6136,115.89819457
2024-08-08,5.689,5.56229,5.59661,5.61381,115.91618578
2024-08-09,5.654,5.56481,5.59858,5.61482,115.93425282
2024-08-12,5.584,5.56969,5.60254,5.61707,115.9881289
2024-08-13,5.555,5.57096,5.60168,5.61748,116.00587349
2024-08-14,5.582,5.5713,5.601,5.61785,116.02352864
2024-08-16,5.583,5.57036,5.59781,5.61882,116.05901594
2024-08-19,5.532,5.56541,5.59827,5.6204,116.11227272
2024-08-20,5.587,5.56519,5.59641,5.62082,116.12987089
2024-08-21,5.643,5.56667,5.59653,5.62053,116.14764671
2024-08-22,5.605,5.57272,5.5974,5.62134,116.16560346
2024-08-23,5.55,5.57476,5.5989,5.6224,116.18344204
2024-08-26,5.58,5.56629,5.60094,5.62334,116.23644079
2024-08-27,5.72,5.56754,5.60776,5.62409,116.25421063
2024-08-28,5.765,5.57301,5.6095,5.62554,116.2724291
2024-08-29,5.908,5.59333,5.61227,5.62556,116.29079377
2024-08-30,5.223,5.60959,5.61635,5.62801,116.30961695
2024-09-02,5.519,5.60346,5.59308,5.62223,116.35954723
2024-09-03,5.631,5.60164,5.59311,5.62252,116.37714144
2024-09-04,5.563,5.60337,5.59568,5.62215,116.3950954
2024-09-05,5.587,5.59557,5.59628,5.62259,116.41283529
2024-09-06,5.584,5.59321,5.59525,5.62246,116.43065442
2024-09-09,5.667,5.58412,5.59611,5.62365,116.48409131
2024-09-10,5.638,5.58755,5.59424,5.62475,116.50217666
2024-09-11,5.616,5.58991,5.59481,5.62599,116.52017226
2024-09-12,5.663,5.58287,5.5942,5.62655,116.5381004
2024-09-13,5.606,5.58543,5.59438,5.62683,116.55618137
2024-09-16,5.639,5.58859,5.5963,5.62797,116.60988663
2024-09-17,5.557,5.591,5.59802,5.62889,116.62790205
2024-09-18,5.625,5.59079,5.59945,5.6276,116.64565825
2024-09-19,5.611,5.591,5.60201,5.62837,116.66363447
2024-09-20,5.347,5.59356,5.60367,5.62935,116.68156871
2024-09-23,5.38,5.56776,5.59822,5.62721,116.73284786
2024-09-24,5.424,5.56268,5.59912,5.62671,116.75005396
2024-09-25,5.38,5.55928,5.59872,5.62849,116.76740334
2024-09-26,5.353,5.55274,5.59591,5.6289,116.78461453
2024-09-27,5.585,5.54538,5.59278,5.62919,116.80174188
2024-09-30,4.937,5.52462,5.59521,5.63276,116.85535868
2024-10-01,5.51,5.53399,5.59089,5.64052,116.87116456
2024-10-02,5.574,5.53399,5.58992,5.64066,116.88880731
2024-10-03,5.484,5.53584,5.58999,5.64095,116.90665767
2024-10-04,5.536,5.53091,5.58921,5.64009,116.92422249
2024-10-07,5.56,5.52928,5.58911,5.64026,116.97742462
2024-10-08,5.596,5.53106,5.58492,5.63813,116.99524364
2024-10-09,5.601,5.5263,5.58475,5.63829,117.01318078
2024-10-10,5.621,5.52409,5.58396,5.63823,117.03113669
2024-10-11,5.505,5.52352,5.58439,5.63878,117.04915948
2024-10-14,5.492,5.51493,5.5838,5.63892,117.10212022
2024-10-15,5.705,5.51502,5.58245,5.63773,117.11974008
2024-10-16,5.716,5.51063,5.583,5.63856,117.13804606
2024-10-17,5.655,5.51321,5.58363,5.63857,117.15639019
2024-10-18,5.414,5.51649,5.5842,5.63781,117.17454141
2024-10-21,5.423,5.50068,5.57978,5.63504,117.22668248
2024-10-22,5.534,5.49904,5.57857,5.63298,117.24409947
2024-10-23,5.448,5.51388,5.57849,5.63321,117.2618756
2024-10-24,5.616,5.51615,5.57664,5.63251,117.27937814
2024-10-25,5.515,5.52258,5.5764,5.63305,117.2974231
2024-10-28,5.607,5.53269,5.57521,5.63308,117.35059258
2024-10-29,5.564,5.53583,5.5793,5.63519,117.36861956
2024-10-30,5.721,5.53022,5.58104,5.63389,117.38651104
2024-10-31,4.408,5.53721,5.58357,5.63524,117.40491017
2024-11-04,5.729,5.41161,5.54314,5.60848,117.46162478
2024-11-05,5.571,5.42235,5.5399,5.61,117.48006143
2024-11-06,5.613,5.42765,5.53892,5.60583,117.49799243
2024-11-07,5.602,5.42157,5.53823,5.60634,117.51606136
2024-11-08,5.704,5.42293,5.53753,5.60613,117.53409766
2024-11-12,5.712,5.4416,5.53931,5.6108,117.60756775
2024-11-13,5.733,5.45062,5.54073,5.61032,117.62597252
2024-11-14,5.67,5.45291,5.54269,5.61097,117.64444786
2024-11-15,5.625,5.45868,5.54491,5.61105,117.66272304
2024-11-18,5.567,5.45208,5.54751,5.61079,117.7171219
2024-11-19,5.6,5.45648,5.54489,5.61141,117.73507618
2024-11-20,5.617,5.46164,5.54564,5.61014,117.75313964
2024-11-21,5.577,5.46972,5.54597,5.61037,117.77126072
2024-11-22,5.487,5.47471,5.54524,5.61044,117.78925552
2024-11-25,5.533,5.47019,5.54434,5.61108,117.84237687
2024-11-26,5.583,5.47296,5.54237,5.61151,117.86024048
2024-11-27,5.677,5.4771,5.5424,5.61425,117.87826825
2024-11-28,5.684,5.47831,5.54193,5.61489,117.89660236
2024-11-29,5.519,5.4808,5.54103,5.61584,117.91496193
2024-12-02,5.48,5.62467,5.54599,5.6082,117.96845009
2024-12-03,5.561,5.6205,5.54556,5.60834,117.98616152
2024-12-04,5.624,5.61934,5.54478,5.60926,118.00413744
2024-12-05,5.6,5.61583,5.54546,5.60991,118.02231978
2024-12-06,5.519,5.6168,5.5456,5.60945,118.04042731
2024-12-09,5.57,5.60865,5.54343,5.6095,118.09397239
2024-12-10,5.644,5.60827,5.54235,5.6073,118.11199385
2024-12-11,5.617,5.61019,5.54242,5.60762,118.13025753
2024-12-12,5.568,5.59536,5.54243,5.60732,118.14843664
2024-12-13,5.405,5.59054,5.54137,5.60687,118.16645994
2024-12-16,5.437,5.56606,5.53466,5.60521,118.21895499
2024-12-17,5.519,5.56283,5.53241,5.60421,118.23656475
2024-12-18,5.387,5.55349,5.53198,5.60472,118.25444277
2024-12-19,5.328,5.54746,5.52933,5.60469,118.27189583
2024-12-20,5.311,5.53835,5.52618,5.60395,118.28916029
2024-12-23,5.431,5.51319,5.52498,5.60137,118.34079593
2024-12-24,5.439,5.51141,5.52554,5.60131,118.3584044
2024-12-27,5.223,5.50178,5.5273,5.59896,118.41131547
2024-12-30,5.454,5.46383,5.51521,5.59495,118.46214799
2024-12-31,4.851,5.46431,5.51536,5.59502,118.47984915
2025-01-02,5.398,5.4185,5.50714,5.58733,118.51134207
2025-01-03,5.509,5.41584,5.5052,5.58638,118.52886876
2025-01-07,5.446,5.41129,5.50456,5.58648,118.60042772
2025-01-08,5.544,5.41312,5.5033,5.58285,118.61812356
2025-01-09,5.569,5.40552,5.50273,5.58247,118.63614051
2025-01-10,5.49,5.40549,5.50237,5.58189,118.65424146
2025-01-13,5.555,5.39377,5.5023,5.58135,118.70778216
2025-01-14,5.577,5.39961,5.50115,5.58205,118.72584851
2025-01-15,5.746,5.40578,5.50209,5.58098,118.74398916
2025-01-16,5.675,5.41533,5.50254,5.58149,118.7626824
2025-01-17,5.52,5.42305,5.50209,5.58158,118.78114755
2025-01-20,5.526,5.43353,5.50262,5.58096,118.8350384
2025-01-21,5.551,5.43721,5.50417,5.5815,118.8530297
2025-01-22,5.61,5.44146,5.50558,5.58078,118.87110513
2025-01-23,5.564,5.45803,5.50642,5.58116,118.88937545
2025-01-24,5.503,5.46234,5.5077,5.58088,118.90749875
2025-01-27,5.484,5.46856,5.50798,5.57968,118.96128078
2025-01-28,5.598,5.46984,5.50584,5.58,118.9791543
2025-01-29,5.685,5.47454,5.50575,5.58124,118.99740212
2025-01-30,5.663,5.50422,5.50708,5.58279,119.01593637
2025-01-31,4.953,5.51099,5.50644,5.58375,119.03440178
2025-02-03,5.366,5.50313,5.53607,5.57854,119.08286019
2025-02-04,5.526,5.49963,5.53503,5.57821,119.100367
2025-02-05,5.518,5.50124,5.53279,5.57497,119.11839847
2025-02-06,5.592,5.50254,5.53221,5.57418,119.13640656
2025-02-07,5.434,5.50219,5.53197,5.57371,119.15465891
2025-02-10,5.548,5.49379,5.52967,5.57106,119.20787698
2025-02-11,5.538,5.49629,5.5307,5.57178,119.22599657
2025-02-12,5.498,5.49836,5.52066,5.56853,119.24408626
2025-02-13,5.509,5.49756,5.5183,5.56804,119.26204801
2025-02-14,5.472,5.49607,5.51583,5.56779,119.28004841
2025-02-17,5.525,5.47713,5.51436,5.56687,119.33369502
2025-02-18,5.483,5.47943,5.50918,5.56748,119.35175855
2025-02-19,5.427,5.48034,5.50825,5.56506,119.36968747
2025-02-20,5.613,5.47316,5.50634,5.56448,119.38743595
2025-02-21,5.514,5.47598,5.5063,5.56462,119.40579544
2025-02-24,5.455,5.46997,5.50739,5.56395,119.4599108
2025-02-25,5.501,5.4703,5.50585,5.56419,119.47776433
2025-02-26,5.395,5.47203,5.5055,5.56239,119.49577111
2025-02-27,5.448,5.46493,5.50342,5.56135,119.51343356
2025-02-28,4.352,5.46377,5.5009,5.55983,119.53127217
2025-03-03,5.432,5.3767,5.458,5.53954,119.57402834
2025-03-04,5.445,5.37907,5.45655,5.53841,119.59182358
2025-03-05,5.456,5.37616,5.45453,5.53774,119.60966406
2025-03-06,5.525,5.37394,5.45291,5.537,119.62754324
2025-03-07,5.439,5.37154,5.45452,5.53777,119.64565125
2025-03-10,5.567,5.37207,5.4497,5.53373,119.69913777
2025-03-11,5.506,5.37276,5.44883,5.53332,119.71739435
2025-03-12,5.537,5.37161,5.44758,5.5327,119.73545364
2025-03-13,5.485,5.37301,5.44724,5.53198,119.75361734
2025-03-14,5.463,5.37215,5.44846,5.53255,119.77161319
2025-03-17,5.562,5.37118,5.44973,5.52867,119.82539229
2025-03-18,5.521,5.3725,5.45022,5.5287,119.84365171
2025-03-19,5.521,5.37387,5.45173,5.52811,119.86177929
2025-03-20,5.532,5.37724,5.4539,5.5276,119.87990962
2025-03-21,5.557,5.37433,5.45558,5.52846,119.89807881
2025-03-24,5.528,5.37896,5.46334,5.53204,119.95284103
2025-03-25,5.522,5.38157,5.46487,5.53263,119.97100813
2025-03-26,5.497,5.38233,5.46631,5.53344,119.98915827
2025-03-27,5.573,5.38599,5.46596,5.53425,120.00722896
2025-03-28,5.546,5.39047,5.46796,5.53531,120.02555226
2025-03-31,4.614,5.40774,5.47821,5.53465,120.08026418
2025-04-01,5.56,5.48835,5.48184,5.53282,120.09544364
2025-04-02,5.566,5.49155,5.48353,5.5331,120.11373763
2025-04-03,5.55,5.49476,5.48542,5.53306,120.13205416
2025-04-04,5.579,5.49858,5.48696,5.53343,120.15032081
2025-04-07,5.511,5.50858,5.48827,5.53416,120.20541549
2025-04-08,5.57,5.50946,5.48901,5.53388,120.22356486
2025-04-09,5.566,5.51211,5.4893,5.53374,120.24191131
2025-04-10,5.635,5.51935,5.48927,5.53354,120.26024738
2025-04-11,5.753,5.52155,5.49171,5.53362,120.27881358
2025-04-14,5.517,5.54515,5.49905,5.53782,120.33568734
2025-04-15,5.568,5.54508,5.49837,5.53796,120.35387616
2025-04-16,5.627,5.5466,5.49637,5.53718,120.3722359
2025-04-17,5.713,5.5557,5.49583,5.53668,120.39079301
2025-04-18,5.643,5.56059,5.49906,5.53701,120.40963664
2025-04-22,5.618,5.57498,5.50309,5.54211,120.48409928
2025-04-23,5.573,5.57712,5.50318,5.54259,120.50264393
2025-04-24,5.515,5.57729,5.50328,5.54329,120.52104287
2025-04-25,5.586,5.57687,5.50424,5.54272,120.5392531
2025-04-28,5.609,5.58217,5.50644,5.54393,120.59459548
2025-04-29,5.54,5.58384,5.50656,5.54394,120.6131274
2025-04-30,5.731,5.58333,5.50493,5.5438,120.63143416
2025-05-02,5.531,5.62761,5.52572,5.56848,120.66931573
2025-05-05,5.599,5.62349,5.52851,5.5686,120.72417233
2025-05-06,5.577,5.62356,5.52944,5.56876,120.74269109
2025-05-07,5.585,5.6248,5.52927,5.56855,120.76113991
2025-05-08,5.482,5.62728,5.53072,5.56846,120.77961802
2025-05-09,5.688,5.62433,5.53101,5.56881,120.79775813
2025-05-12,5.104,5.63282,5.53772,5.56694,120.85423191
2025-05-13,5.078,5.61706,5.53324,5.56349,120.87113163
2025-05-14,5.065,5.58369,5.52833,5.55977,120.88794762
2025-05-15,5.112,5.56855,5.52394,5.55633,120.9047229
2025-05-16,5.094,5.55329,5.52018,5.55467,120.92165618
2025-05-19,5.095,5.50182,5.50596,5.54471,120.97228426
2025-05-20,5.125,5.48985,5.50218,5.54185,120.98917066
2025-05-21,5.091,5.47954,5.49662,5.53905,121.00615887
2025-05-22,5.054,5.44227,5.49288,5.5363,121.02303674
2025-05-23,5.077,5.42339,5.48881,5.53441,121.03979429
2025-05-26,4.987,5.38262,5.47247,5.5266,121.0903027
2025-05-27,5.004,5.37097,5.46783,5.52322,121.10684728
2025-05-28,5.047,5.33557,5.46277,5.5194,121.12345054
2025-05-29,5.084,5.31675,5.4589,5.51578,121.14019876
2025-05-30,4.437,5.30149,5.45553,5.51417,121.15707209
2025-06-02,5.125,5.19036,5.45837,5.49586,121.20125625
2025-06-03,5.145,5.18902,5.4555,5.49385,121.21827424
2025-06-04,5.022,5.1884,5.45234,5.4915,121.23536103
2025-06-05,5.021,5.14829,5.44768,5.48811,121.25204169
2025-06-06,4.987,5.12957,5.44289,5.48484,121.26872132
2025-06-09,5.078,5.07499,5.42883,5.47583,121.3184282
2025-06-10,5.168,5.07576,5.42303,5.47306,121.33530642
2025-06-11,5.161,5.07926,5.41864,5.47037,121.35248617
2025-06-12,5.18,5.0214,5.41483,5.4678,121.36964508
2025-06-13,5.1,5.02386,5.4109,5.46561,121.3868696
2025-06-16,5.067,5.02525,5.4016,5.46044,121.43775231
2025-06-17,5.057,5.02723,5.3943,5.45836,121.45461053
2025-06-18,5.009,5.02881,5.38874,5.45575,121.47143782
2025-06-20,5.1,5.01769,5.37745,5.45181,121.50477757
2025-06-23,5.067,5.01859,5.36835,5.44824,121.55570971
2025-06-24,5.029,5.02078,5.35723,5.44619,121.57258431
2025-06-25,5.055,5.0217,5.35174,5.44465,121.58933468
2025-06-26,5.031,5.01606,5.34659,5.44329,121.60617397
2025-06-27,5.059,5.01749,5.34146,5.43942,121.62293563
2025-06-30,5.044,5.01878,5.33134,5.43664,121.67350744
2025-07-01,4.983,5.07873,5.32663,5.43936,121.69032172
2025-07-02,5.03,5.0762,5.3202,5.43758,121.70693495
2025-07-03,4.969,5.07303,5.31424,5.43549,121.72370717
2025-07-04,4.905,5.06714,5.30777,5.43367,121.74027827
2025-07-07,5.008,5.05495,5.28527,5.42217,121.78935794
2025-07-08,4.999,5.05416,5.27967,5.41968,121.80606811
2025-07-09,5.049,5.0577,5.27331,5.41659,121.82275054
2025-07-10,4.982,5.05673,5.26755,5.41364,121.83960213
2025-07-11,5.067,5.0505,5.26029,5.41201,121.8562324
2025-07-14,4.915,5.04494,5.23738,5.4032,121.90698135
2025-07-15,4.957,5.04154,5.23068,5.39944,121.92339704
2025-07-16,4.923,5.0315,5.22388,5.39497,121.93995524
2025-07-17,4.915,5.02668,5.21605,5.3907,121.9564021
2025-07-18,4.849,5.02192,5.20717,5.38881,121.97282445
2025-07-21,4.893,5.00659,5.19774,5.37582,122.02143647
2025-07-22,4.89,5.00369,5.17234,5.37209,122.03779402
2025-07-23,4.876,4.98889,5.16424,5.36801,122.05414375
2025-07-24,4.841,4.9825,5.15649,5.36411,122.07044884
2025-07-25,4.931,4.97621,5.14899,5.36194,122.08663906
2025-07-28,4.796,4.96808,5.12712,5.35073,122.13611927
2025-07-29,4.611,4.96333,5.11808,5.34618,122.15216762
2025-07-30,4.59,4.94064,5.10774,5.34009,122.16759896
2025-07-31,4.268,4.92993,5.10275,5.33401,122.18296195
2025-08-01,4.899,4.90479,5.07878,5.3329,122.19724899
2025-08-04,4.859,4.8955,5.07502,5.32687,122.24645263
2025-08-05,4.733,4.89499,5.05619,5.32308,122.26272648
2025-08-06,4.657,4.8907,5.04666,5.31863,122.27858044
2025-08-07,4.648,4.88047,5.03654,5.31333,122.29418185
2025-08-08,4.983,4.86881,5.02622,5.31035,122.30975509
2025-08-11,4.918,4.86612,5.02126,5.30056,122.35984847
2025-08-12,4.894,4.86838,4.99675,5.29705,122.37633521
2025-08-13,4.873,4.86979,4.99444,5.29362,122.39274369
2025-08-14,4.961,4.84948,4.99218,5.29002,122.40908396
2025-08-18,5.024,4.85369,4.99006,5.27812,122.47563426
2025-08-19,4.925,4.85966,4.98565,5.27552,122.49249228
2025-08-20,4.964,4.86227,4.98378,5.27267,122.50902037
2025-08-21,5.001,4.8656,4.98201,5.26899,122.5256816
2025-08-22,4.968,4.8691,4.98102,5.26824,122.5424693
2025-08-25,4.928,4.87866,4.98113,5.25714,122.59250691
2025-08-26,4.896,4.88084,4.97604,5.25389,122.60905858
2025-08-27,4.892,4.88193,4.97504,5.25106,122.62550499
2025-08-28,4.788,4.87623,4.9738,5.24791,122.64194017
2025-08-29,3.775,4.87597,4.97095,5.24607,122.6580281
2025-09-01,4.762,4.80649,4.94693,5.23631,122.69608569
2025-09-02,4.637,4.80571,4.94556,5.2344,122.71209333
2025-09-03,4.55,4.80119,4.94019,5.23181,122.72768281
2025-09-04,4.375,4.78233,4.93364,5.22689,122.74298174
2025-09-05,4.485,4.76666,4.92653,5.22093,122.75769408
2025-09-08,4.609,4.74772,4.91253,5.20642,122.80294627
2025-09-09,4.719,4.74397,4.90543,5.20386,122.81845309
2025-09-10,4.687,4.74381,4.90148,5.19575,122.834332
2025-09-11,4.612,4.71754,4.89618,5.19085,122.85010527
2025-09-12,4.628,4.70763,4.89014,5.18586,122.86562814
2025-09-15,4.72,4.68964,4.87982,5.17369,122.9123642
2025-09-16,4.618,4.69114,4.86951,5.17192,122.92825863
2025-09-17,4.6,4.68957,4.86457,5.16251,122.94381158
2025-09-18,4.601,4.64978,4.85954,5.15714,122.95930586
2025-09-19,4.553,4.63608,4.85737,5.15201,122.97480548
2025-09-22,4.611,4.59616,4.8449,5.13861,123.02082501
2025-09-23,4.556,4.59719,4.83263,5.13642,123.03636607
2025-09-24,4.605,4.5965,4.82701,5.12471,123.05172371
2025-09-25,4.566,4.55958,4.82235,5.11957,123.06724845
2025-09-26,4.555,4.54786,4.81697,5.11424,123.08264366
2025-09-29,4.544,4.5183,4.80743,5.10098,123.12872378
2025-09-30,4.107,4.51965,4.79499,5.09861,123.14405246
2025-10-01,4.556,4.57948,4.78468,5.08612,123.1579087
2025-10-02,4.515,4.57259,4.77998,5.08049,123.17328151
2025-10-03,4.612,4.56851,4.77432,5.0746,123.18851787
2025-10-06,4.52,4.5801,4.76819,5.06566,123.23521476
2025-10-07,4.557,4.57877,4.75971,5.05258,123.25047567
2025-10-08,4.419,4.58634,4.75475,5.04724,123.2658634
2025-10-09,4.295,4.57998,4.74838,5.04079,123.28078702
2025-10-10,4.405,4.5658,4.74008,5.03367,123.29529362
2025-10-13,4.416,4.54526,4.72785,5.02126,123.33993327
2025-10-14,4.436,4.54175,4.71202,5.0042,123.35485571
2025-10-15,4.407,4.52847,4.70675,4.99815,123.36984755
2025-10-16,4.439,4.518,4.70071,4.99164,123.38474319
2025-10-17,4.378,4.51201,4.69538,4.98499,123.39974881
2025-10-20,4.394,4.49375,4.68394,4.97221,123.44415243
2025-10-21,4.389,4.49116,4.67412,4.96969,123.45901308
2025-10-22,4.341,4.48047,4.66858,4.94935,123.4738586
2025-10-23,4.218,4.47144,4.66254,4.9422,123.48854353
2025-10-24,4.237,4.46013,4.65531,4.93461,123.50281407
2025-10-27,4.368,4.43082,4.64095,4.92112,123.54582351
2025-10-28,4.375,4.42937,4.62722,4.90554,123.56060839
2025-10-29,4.26,4.41391,4.62259,4.89863,123.57541873
2025-10-30,4.23,4.40441,4.61873,4.89147,123.58984151
2025-10-31,3.228,4.39928,4.61477,4.88844,123.60416439
2025-11-03,4.338,4.28613,4.57487,4.85217,123.63695843
2025-11-04,4.29,4.28825,4.56044,4.84998,123.6516526
2025-11-05,4.298,4.28879,4.55419,4.83421,123.6661859
2025-11-06,4.276,4.25673,4.5494,4.82697,123.68074802
2025-11-07,4.323,4.24884,4.54522,4.81973,123.69523731
2025-11-10,4.195,4.23901,4.53803,4.8042,123.73918809
2025-11-12,4.201,4.23726,4.51053,4.78204,123.76763115
2025-11-13,4.206,4.21885,4.50291,4.77701,123.7818763
2025-11-14,4.233,4.21205,4.49558,4.77216,123.79614004
2025-11-17,4.163,4.19313,4.4888,4.76032,123.83921092
2025-11-18,4.159,4.19265,4.46283,4.75765,123.85333538
2025-11-19,4.128,4.1921,4.45332,4.74747,123.86744787
2025-11-20,4.135,4.17104,4.44456,4.74209,123.88145677
2025-11-21,3.943,4.16266,4.43545,4.73658,123.89549101
2025-11-24,4.103,4.1264,4.41452,4.72029,123.93564333
2025-11-25,4.109,4.12611,4.3918,4.7175,123.94957506
2025-11-26,4.115,4.12605,4.3828,4.70691,123.96352872
2025-11-27,4.071,4.11401,4.37422,4.70205,123.97750434
2025-11-28,3.289,4.1044,4.3652,4.69686,123.99133207
2025-12-01,4.137,4.08976,4.34379,4.67215,124.0248505
2025-12-02,4.022,4.09183,4.33685,4.66975,124.03890778
2025-12-03,3.931,4.08994,4.33002,4.66358,124.05257585
2025-12-04,3.717,4.07633,4.32314,4.6568,124.06593614
2025-12-05,3.956,4.05717,4.31584,4.6495,124.07857047
2025-12-08,3.857,4.03286,4.29822,4.6371,124.1189147
2025-12-09,3.874,4.02778,4.28986,4.6257,124.1320305
2025-12-10,3.839,3.99217,4.28048,4.61897,124.1452055
2025-12-11,3.825,3.98764,4.27106,4.61154,124.15826286
2025-12-12,3.858,3.96791,4.26232,4.60407,124.17127396
2025-12-15,3.827,3.94237,4.23668,4.58966,124.21064816
2025-12-16,3.778,3.93916,4.22676,4.57569,124.22367157
2025-12-17,3.718,3.90348,4.21744,4.56849,124.23652957
2025-12-18,3.675,3.8886,4.20764,4.561,124.24918467
2025-12-19,3.572,3.87242,4.19736,4.55664,124.26169469
2025-12-22,3.607,3.82685,4.1647,4.53587,124.29817657
2025-12-23,3.563,3.82035,4.15355,4.52011,124.31045995
2025-12-29,3.534,3.72182,4.08675,4.47782,124.38326842
2025-12-30,3.528,3.7163,4.07554,4.46172,124.39531144
2025-12-31,2.619,3.71094,4.06998,4.45708,124.40733519
2026-03-02,3.825,3.82043,3.74953,4.06497,125.18569796
2026-03-03,3.768,3.82788,3.74732,4.06039,125.19881674
2026-03-04,3.634,3.82641,3.74549,4.05599,125.21174137
2026-03-05,3.596,3.82125,3.74456,4.05181,125.22420766
2026-03-06,3.624,3.81549,3.74329,4.0497,125.23654482
2026-03-09,3.701,3.80657,3.73047,4.03155,125.27384815
2026-03-10,3.691,3.80177,3.72853,4.02581,125.28655058
2026-03-11,3.691,3.79708,3.72687,4.0202,125.29921996
2026-03-12,3.681,3.79217,3.72537,4.01501,125.31189063
2026-03-13,3.681,3.78691,3.72525,4.01358,125.32452825
2026-03-16,3.674,3.77036,3.71778,3.99316,125.36244493
2026-03-17,3.633,3.76711,3.71661,3.98784,125.37506361
2026-03-18,3.625,3.7589,3.71566,3.98239,125.38754272
2026-03-19,3.639,3.75045,3.7151,3.97689,125.39999559
2026-03-20,3.65,3.74143,3.71463,3.97543,125.4124978
2026-03-23,3.594,3.71618,3.71808,3.95616,125.45012155
2026-03-24,3.572,3.70734,3.71708,3.95074,125.46247409
2026-03-25,3.592,3.70297,3.71586,3.94493,125.47475222
2026-03-26,3.571,3.6981,3.71489,3.93944,125.48710031
2026-03-27,3.515,3.69151,3.71372,3.9378,125.49937742
2026-03-30,3.414,3.67539,3.7177,3.91639,125.53563471
2026-03-31,3.024,3.66756,3.71642,3.914,125.54737659
2026-04-01,3.516,3.61621,3.73308,3.90793,125.5577781
2026-04-02,3.502,3.61331,3.73102,3.90211,125.56987293
2026-04-03,3.369,3.60286,3.72886,3.89643,125.58192076
2026-04-07,3.374,3.56789,3.71848,3.8691,125.62828629
2026-04-08,3.43,3.56233,3.71575,3.86248,125.63989916
2026-04-09,3.337,3.5514,3.71389,3.85694,125.65170587
2026-04-10,3.625,3.53962,3.71008,3.85157,125.66319353
2026-04-13,3.624,3.5335,3.69731,3.83848,125.70063428
2026-04-14,3.592,3.53667,3.69477,3.83404,125.7131148
2026-04-15,3.619,3.53868,3.6916,3.82932,125.72548635
2026-04-16,3.632,3.52681,3.68866,3.8249,125.73795212
2026-04-17,3.609,3.52545,3.6884,3.82039,125.75046391
2026-04-20,3.562,3.52315,3.67844,3.80747,125.78776528
2026-04-21,3.54,3.5247,3.67584,3.80282,125.80004079
2026-04-22,3.518,3.52549,3.67248,3.79806,125.81224167
2026-04-23,3.419,3.51251,3.66855,3.79346,125.8243679
2026-04-24,3.514,3.50685,3.66615,3.78898,125.83615403
2026-04-27,3.486,3.50057,3.65258,3.77684,125.87249827
2026-04-28,3.398,3.50044,3.64963,3.77191,125.88451995
2026-04-29,3.327,3.49765,3.6453,3.76644,125.89623929
2026-04-30,3.066,3.4898,3.64038,3.76122,125.90771481
2026-05-04,3.473,3.45119,3.62903,3.7483,125.95001981
2026-05-05,,3.45219,3.62558,3.7437,125.96200404
